,skewness
net balance,25.553498831176643
lactate,9.598263004660117
procalcitonin,8.330066194359562
urine_output,7.553135927302786
aspartate_transaminase,5.869646163033061
bilirubin,5.689831751033421
quick_score,5.682456934143821
pancreatic_lipase,5.44380031377574
alanine_transaminase,5.391207539597263
creatinine,3.8354849280555907
fraction_of_inspired_o2,2.98643440196976
partial_pressure_art._o2,2.629714847582369
bun/creatinine_ratio,2.4825109511727215
timestep,2.0856174966162198
delta-temperature,2.0693884647832603
blood_glucose,1.9425619813820068
blood_urea_nitrogen,1.835952365797219
leukocytes,1.719483229677794
svri,1.663708129953148
horowitz_index,1.65085261964365
heart_time_volume,1.587720500318557
potassium,1.2592404491820322
partial_co2,1.2540546898605491
c-reactive_protein,1.2445204743407396
lymphocytes,1.2350296540790346
thrombocytes,1.2230283460801463
sodium,0.9732774411839714
severity,0.9600077048120115
stroke_volume,0.9191894109680604
hemoglobin,0.8757024304861218
diastolic_bp,0.8420043071300232
chloride,0.7976894972442701
bicarbonate,0.7287331225270103
systolic_bp,0.6725958901028375
mean_bp,0.6619320283101073
base_excess,0.5292983221048037
heart_rate,0.5112788887091779
calcium,0.1109990018730115
respiratory_rate,-0.09500524451292121
respiratory_minute_volume,-0.1312288151910831
mixed_venous_oxygen_saturation,-0.2200318342773355
temperature,-0.23052609704425558
age,-0.5974819356400918
arterial_ph,-1.0050349238396061
oxygen_saturation,-5.421775179344599
